{"stats":{"minecraft:used":{"minecraft:birch_sign":3,"minecraft:chain_command_block":3,"minecraft:stone_button":5,"minecraft:glass":4,"minecraft:white_concrete":3,"minecraft:shulker_spawn_egg":1,"minecraft:skeleton_spawn_egg":2,"minecraft:light_blue_concrete":1,"minecraft:command_block":10},"minecraft:custom":{"minecraft:jump":39,"minecraft:time_since_rest":318038,"minecraft:crouch_one_cm":66,"minecraft:play_one_minute":318038,"minecraft:leave_game":6,"minecraft:sprint_one_cm":1003,"minecraft:time_since_death":318038,"minecraft:walk_one_cm":3677,"minecraft:sneak_time":2910,"minecraft:fly_one_cm":1868875}},"DataVersion":2586}